HHA PH2;FAV;12X;1;teste comentxxxx;1.jpg;J2
HHA PH2;FAV;13X;2;gdugdyudg hdhj;2.jpg;J3
HHA PH2;FAV;16Z;3;diuihdolne oihdj;3.jpg;J5
HHA PH2;FAV;18Z;4;nbldbn lndjbldnjd;4.jpg;J6
HHA PH2;FAV;80Z;5;jkdhkjdhjejne;5.jpg;J8
HHA PH2;FAV;30X;6;njdbljdhljb j l djlb djb;6.jpg;J10
HHA PH2;FAV;14X;7;jdbldbd  ddjndlkj;7.jpg;J14
HHA PH2;FAV;15X;8;jbdlbd jldjdjkihhh;8.jpg;J15
HHA PH2;FAV;А7X;9;jbdkjhbd dbhjfbhbf;9.jpg;J17
HHA PH2;FAV;A11Y;10;hdbhjdbhjdb qqqq;10.jpg;J19
HHA PH2;FAV;A14Y;11;iiiiiii iii ii i i i i ijjj hjkj;11.jpg;J21
HHA PH2;FAV;A15Y;12;teste comentxxxx;12.jpg;J22
HHA PH2;FAV;A16Z;13;gdugdyudg hdhj;13.jpg;J24
HHA PH2;FAV;A17Z;14;diuihdolne oihdj;14.jpg;J25
HHA PH2;FAV;27X;15;nbldbn lndjbldnjd;15.jpg;J29
HHA PH2;FAV;21Y;16;jkdhkjdhjejne;16.jpg;J31
HHA PH2;FAV;25Y;17;njdbljdhljb j l djlb djb;17.jpg;J32
HHA PH2;FAV;23X;18;jdbldbd  ddjndlkj;18.jpg;J34
HHA PH2;FAV;1Z;19;jbdlbd jldjdjkihhh;19.jpg;J35
HHA PH2;FAV;3Z;20;jbdkjhbd dbhjfbhbf;20.jpg;J36
HHA PH2;FAV;44Z;21;hdbhjdbhjdb qqqq;21.jpg;J40
HHA PH2;FAV;4Z;22;iiiiiii iii ii i i i i ijjj hjkj;22.jpg;J42
HHA PH2;FAV;6Z;23;teste comentxxxx;23.jpg;J43
HHA PH2;FAV;7Y;24;gdugdyudg hdhj;24.jpg;J45
HHA PH2;FAV;28Y;25;diuihdolne oihdj;25.jpg;J46
HHA PH2;FAV;31Y;26;nbldbn lndjbldnjd;26.jpg;J47
HHA PH2;FAV;8Z;27;jkdhkjdhjejne;27.jpg;J49
HHA PH2;FAV;9Z;28;njdbljdhljb j l djlb djb;28.jpg;J50
HHA PH2;FAV;10Z;29;jdbldbd  ddjndlkj;29.jpg;J51
HHA PH2;FAV;11Z;30;jbdlbd jldjdjkihhh;30.jpg;J52
HHA PH2;FAV;109Z;31;jbdkjhbd dbhjfbhbf;31.jpg;J54
HHA PH2;FAV;108Z;32;hdbhjdbhjdb qqqq;32.jpg;J55
HHA PH2;FAV;110Z;33;iiiiiii iii ii i i i i ijjj hjkj;33.jpg;J56
HHA PH2;FAV;106Z;34;teste comentxxxx;34.jpg;J58
HHA PH2;FAV;104Z;35;gdugdyudg hdhj;35.jpg;J59
HHA PH2;FAV;103Z;36;diuihdolne oihdj;36.jpg;J64
HHA PH2;FAV;101Z;37;nbldbn lndjbldnjd;37.jpg;J65
HHA PH2;FAV;123X;38;jkdhkjdhjejne;38.jpg;J66
HHA PH2;FAV;125Y;39;njdbljdhljb j l djlb djb;39.jpg;J70
HHA PH2;FAV;121Y;40;jdbldbd  ddjndlkj;40.jpg;J71
HHA PH2;FAV;127X;41;jbdlbd jldjdjkihhh;41.jpg;J73
HHA PH2;FAV;A23Z;42;jbdkjhbd dbhjfbhbf;42.jpg;J75
HHA PH2;FAV;A1Y;43;hdbhjdbhjdb qqqq;43.jpg;J76
HHA PH2;FAV;A3Y;44;iiiiiii iii ii i i i i ijjj hjkj;44.jpg;J77
HHA PH2;FAV;A4Z;45;teste comentxxxx;45.jpg;J79
HHA PH2;FAV;A6Z;46;gdugdyudg hdhj;46.jpg;J80
HHA PH2;FAV;A106Z;47;diuihdolne oihdj;47.jpg;J82
HHA PH2;FAV;A104Z;48;nbldbn lndjbldnjd;48.jpg;J83
HHA PH2;FAV;144Z;49;jkdhkjdhjejne;49.jpg;J85
HHA PH2;FAV;A103Y;50;njdbljdhljb j l djlb djb;50.jpg;J87
HHA PH2;FAV;A101Y;51;jdbldbd  ddjndlkj;51.jpg;J88
HHA PH2;FAV;A123Z;52;jbdlbd jldjdjkihhh;52.jpg;J89
HHA PH2;FAV;112X;53;jbdkjhbd dbhjfbhbf;53.jpg;J91
HHA PH2;FAV;113X;54;hdbhjdbhjdb qqqq;54.jpg;J92
HHA PH2;FAV;116Z;55;iiiiiii iii ii i i i i ijjj hjkj;55.jpg;J94
HHA PH2;FAV;118Z;56;teste comentxxxx;56.jpg;J95
HHA PH2;FAV;180Z;57;gdugdyudg hdhj;57.jpg;J97
HHA PH2;FAV;70Y;58;diuihdolne oihdj;58.jpg;J99
HHA PH2;FAV;128Y;59;nbldbn lndjbldnjd;59.jpg;J100
HHA PH2;FAV;310Y;60;jkdhkjdhjejne;60.jpg;J101
HHA PH2;FAV;130X;61;njdbljdhljb j l djlb djb;61.jpg;J103
HHA PH2;FAV;114X;62;jdbldbd  ddjndlkj;62.jpg;J105
HHA PH2;FAV;115X;63;jbdlbd jldjdjkihhh;63.jpg;J106
HHA PH2;FAV;А107X;64;jbdkjhbd dbhjfbhbf;64.jpg;J108
HHA PH2;FAV;A111Y;65;hdbhjdbhjdb qqqq;65.jpg;J110
HHA PH2;FAV;A114Y;66;iiiiiii iii ii i i i i ijjj hjkj;66.jpg;J112
HHA PH2;FAV;A115Y;67;teste comentxxxx;67.jpg;J113
HHA PH2;FAV;A116Z;68;gdugdyudg hdhj;68.jpg;J115
HHA PH2;FAV;A117Z;69;diuihdolne oih;69.jpg;J116
HHA PH2;ZZZ;А0000X;1;jbdkjhbd dbhjfbhbf;70.jpg;J200
HHA PH2;ZZZ;A1111Y;2;hdbhjdbhjdb qqqq;71.jpg;J201
HHA PH2;ZZZ;A2222Y;3;iiiiiii iii ii i i i i ijjj hjkj;72.jpg;J202
LLL PH1;XXX;A3333Y;1;teste comentxxxx;73.jpg;J203
LLL PH1;XXX;A4444Z;2;gdugdyudg hdhj;74.jpg;J204
LLL PH2;YYY;A5555Z;3;diuihdolne oih;75.jpg;J205
